Date,Temperature_Min,Temperature_Max,Temperature_Avg,Humidity,Rainfall,Season
2022-01-01,15.0,22.2,18.6,68.7,0.0,Winter
2022-01-02,13.3,26.6,19.9,52.1,0.0,Winter
2022-01-03,13.6,29.3,21.5,68.6,0.0,Winter
2022-01-04,10.6,29.0,19.8,54.6,0.0,Winter
2022-01-05,17.7,27.8,22.7,59.3,0.1,Winter
2022-01-06,14.5,25.2,19.9,58.7,0.0,Winter
2022-01-07,15.5,22.7,19.1,55.7,0.0,Winter
2022-01-08,15.4,25.3,20.4,53.9,0.0,Winter
2022-01-09,12.1,22.2,17.1,65.5,0.0,Winter
2022-01-10,14.4,23.6,19.0,68.1,0.0,Winter
2022-01-11,10.7,29.6,20.1,50.6,0.0,Winter
2022-01-12,17.2,24.7,21.0,52.8,0.0,Winter
2022-01-13,13.2,23.2,18.2,50.7,0.0,Winter
2022-01-14,12.6,23.3,18.0,66.5,3.9,Winter
2022-01-15,17.4,23.7,20.5,60.3,0.0,Winter
2022-01-16,10.7,28.7,19.7,52.8,0.0,Winter
2022-01-17,11.3,27.3,19.3,60.1,0.0,Winter
2022-01-18,17.2,23.9,20.6,59.6,0.0,Winter
2022-01-19,12.6,22.7,17.7,68.7,0.0,Winter
2022-01-20,14.2,23.8,19.0,60.7,0.0,Winter
2022-01-21,15.3,29.2,22.2,52.7,0.0,Winter
2022-01-22,17.4,29.6,23.5,51.8,0.0,Winter
2022-01-23,13.3,24.4,18.8,68.3,0.0,Winter
2022-01-24,12.3,26.8,19.5,57.1,0.0,Winter
2022-01-25,12.7,25.5,19.1,50.3,0.0,Winter
2022-01-26,15.8,25.8,20.8,66.5,0.0,Winter
2022-01-27,16.1,25.7,20.9,61.5,0.0,Winter
2022-01-28,11.9,29.4,20.7,66.7,0.0,Winter
2022-01-29,11.6,23.1,17.4,59.8,0.0,Winter
2022-01-30,14.6,26.2,20.4,52.8,0.0,Winter
2022-01-31,16.0,28.2,22.1,58.6,0.0,Winter
2022-02-01,11.8,22.5,17.2,57.8,0.0,Winter
2022-02-02,17.1,29.8,23.4,61.6,0.0,Winter
2022-02-03,10.6,28.7,19.6,59.0,0.0,Winter
2022-02-04,12.5,30.0,21.2,62.7,0.0,Winter
2022-02-05,12.4,25.3,18.8,56.3,0.0,Winter
2022-02-06,11.5,27.6,19.5,67.2,0.0,Winter
2022-02-07,11.0,28.6,19.8,60.8,0.1,Winter
2022-02-08,13.5,27.9,20.7,65.6,0.0,Winter
2022-02-09,14.4,29.4,21.9,63.9,0.0,Winter
2022-02-10,14.2,29.6,21.9,64.1,0.0,Winter
2022-02-11,13.9,26.5,20.2,55.8,0.0,Winter
2022-02-12,10.0,27.6,18.8,50.9,0.0,Winter
2022-02-13,12.5,27.7,20.1,65.3,0.0,Winter
2022-02-14,15.2,23.1,19.2,51.7,0.0,Winter
2022-02-15,17.6,29.6,23.6,50.4,3.5,Winter
2022-02-16,10.5,28.4,19.4,57.5,0.0,Winter
2022-02-17,15.7,24.5,20.1,60.1,0.0,Winter
2022-02-18,12.5,23.3,17.9,64.2,0.0,Winter
2022-02-19,12.9,29.4,21.2,57.1,0.0,Winter
2022-02-20,14.6,23.0,18.8,54.5,0.0,Winter
2022-02-21,15.7,29.1,22.4,50.3,0.0,Winter
2022-02-22,11.0,22.3,16.7,59.5,0.0,Winter
2022-02-23,14.3,26.6,20.4,52.0,0.0,Winter
2022-02-24,17.1,27.8,22.4,65.2,0.0,Winter
2022-02-25,14.2,25.8,20.0,51.7,0.0,Winter
2022-02-26,15.0,27.3,21.2,54.5,0.0,Winter
2022-02-27,18.0,28.8,23.4,60.8,0.0,Winter
2022-02-28,16.0,24.0,20.0,60.3,0.0,Winter
2022-03-01,26.6,43.9,35.3,49.1,0.0,Summer
2022-03-02,26.9,36.7,31.8,37.2,0.0,Summer
2022-03-03,28.2,43.8,36.0,45.4,0.0,Summer
2022-03-04,31.0,40.4,35.7,46.4,0.0,Summer
2022-03-05,29.9,43.7,36.8,44.2,0.0,Summer
2022-03-06,29.6,43.9,36.8,35.8,0.0,Summer
2022-03-07,30.8,39.5,35.1,37.8,0.0,Summer
2022-03-08,27.7,36.2,32.0,48.0,0.0,Summer
2022-03-09,27.7,43.4,35.5,30.9,0.0,Summer
2022-03-10,30.0,42.4,36.2,43.2,0.0,Summer
2022-03-11,30.0,37.8,33.9,34.5,0.0,Summer
2022-03-12,31.8,40.6,36.2,40.5,0.0,Summer
2022-03-13,27.5,35.2,31.4,48.6,7.5,Summer
2022-03-14,28.1,40.4,34.3,31.9,0.0,Summer
2022-03-15,31.6,35.2,33.4,43.7,0.0,Summer
2022-03-16,25.9,38.8,32.3,37.0,0.0,Summer
2022-03-17,25.4,44.1,34.7,35.1,0.0,Summer
2022-03-18,29.1,43.3,36.2,40.9,0.0,Summer
2022-03-19,25.2,40.0,32.6,31.9,0.0,Summer
2022-03-20,26.8,44.2,35.5,39.9,0.0,Summer
2022-03-21,29.5,37.1,33.3,37.4,0.0,Summer
2022-03-22,28.7,41.2,34.9,41.8,0.0,Summer
2022-03-23,27.0,39.4,33.2,36.7,0.0,Summer
2022-03-24,25.4,39.7,32.5,33.8,0.0,Summer
2022-03-25,32.0,43.9,37.9,33.1,0.0,Summer
2022-03-26,28.8,40.9,34.9,37.0,0.0,Summer
2022-03-27,26.5,44.6,35.5,31.6,0.0,Summer
2022-03-28,28.1,43.8,36.0,47.3,0.0,Summer
2022-03-29,30.8,41.7,36.3,45.3,0.0,Summer
2022-03-30,27.1,36.3,31.7,41.0,0.0,Summer
2022-03-31,30.8,35.6,33.2,41.0,0.0,Summer
2022-04-01,26.3,42.5,34.4,46.6,0.0,Summer
2022-04-02,31.2,39.1,35.2,47.1,0.0,Summer
2022-04-03,27.4,42.0,34.7,42.0,0.0,Summer
2022-04-04,28.9,37.4,33.2,45.4,0.0,Summer
2022-04-05,29.3,38.3,33.8,42.8,5.2,Summer
2022-04-06,26.9,42.1,34.5,44.8,0.0,Summer
2022-04-07,30.9,43.9,37.4,37.7,0.0,Summer
2022-04-08,26.3,37.5,31.9,35.5,0.0,Summer
2022-04-09,27.9,40.4,34.1,50.0,0.0,Summer
2022-04-10,29.3,40.7,35.0,44.8,0.8,Summer
2022-04-11,26.7,38.8,32.8,49.1,0.0,Summer
2022-04-12,30.4,43.0,36.7,41.8,0.0,Summer
2022-04-13,30.7,35.1,32.9,41.2,0.0,Summer
2022-04-14,26.0,42.5,34.2,39.7,0.0,Summer
2022-04-15,28.2,40.9,34.5,44.5,0.0,Summer
2022-04-16,30.0,42.0,36.0,33.5,0.0,Summer
2022-04-17,29.9,35.9,32.9,33.5,0.0,Summer
2022-04-18,30.7,40.8,35.8,35.0,0.0,Summer
2022-04-19,28.3,38.4,33.3,33.3,2.3,Summer
2022-04-20,25.6,35.7,30.6,36.8,2.7,Summer
2022-04-21,27.2,35.5,31.3,47.7,0.0,Summer
2022-04-22,31.4,38.1,34.8,41.4,4.2,Summer
2022-04-23,30.4,42.4,36.4,49.1,0.0,Summer
2022-04-24,25.2,37.3,31.3,44.6,0.0,Summer
2022-04-25,25.5,40.3,32.9,37.4,0.0,Summer
2022-04-26,30.5,43.8,37.2,44.4,4.9,Summer
2022-04-27,25.1,43.2,34.1,39.7,0.0,Summer
2022-04-28,27.8,44.2,36.0,38.8,0.0,Summer
2022-04-29,27.6,43.1,35.4,30.3,0.0,Summer
2022-04-30,25.1,38.8,31.9,34.7,0.0,Summer
2022-05-01,27.7,37.5,32.6,38.6,0.0,Summer
2022-05-02,30.9,37.0,33.9,44.5,0.0,Summer
2022-05-03,28.0,37.7,32.9,32.6,0.0,Summer
2022-05-04,26.0,39.6,32.8,45.1,0.0,Summer
2022-05-05,25.4,39.9,32.6,48.0,0.0,Summer
2022-05-06,28.2,42.8,35.5,33.3,0.0,Summer
2022-05-07,26.2,40.8,33.5,37.0,0.0,Summer
2022-05-08,31.5,41.4,36.4,34.4,0.0,Summer
2022-05-09,31.7,42.9,37.3,43.9,0.0,Summer
2022-05-10,26.3,43.2,34.7,38.8,0.0,Summer
2022-05-11,29.5,38.0,33.7,32.4,0.0,Summer
2022-05-12,29.0,38.9,34.0,45.6,0.0,Summer
2022-05-13,27.4,40.5,34.0,45.5,0.0,Summer
2022-05-14,31.7,35.4,33.6,40.4,0.0,Summer
2022-05-15,25.5,41.0,33.3,37.1,0.0,Summer
2022-05-16,26.0,36.6,31.3,47.3,0.0,Summer
2022-05-17,26.9,35.8,31.4,37.0,0.0,Summer
2022-05-18,27.4,37.5,32.4,45.2,0.0,Summer
2022-05-19,26.1,39.0,32.5,41.9,0.0,Summer
2022-05-20,25.1,35.0,30.0,45.8,0.0,Summer
2022-05-21,29.3,40.6,34.9,45.2,0.0,Summer
2022-05-22,26.1,40.4,33.2,42.3,0.0,Summer
2022-05-23,25.3,40.7,33.0,42.0,0.0,Summer
2022-05-24,31.8,39.7,35.7,38.0,9.7,Summer
2022-05-25,31.5,36.0,33.7,34.2,0.0,Summer
2022-05-26,27.9,41.4,34.6,38.7,0.0,Summer
2022-05-27,26.3,38.4,32.4,40.8,0.0,Summer
2022-05-28,31.3,39.6,35.4,35.0,4.7,Summer
2022-05-29,28.8,37.5,33.1,49.9,0.0,Summer
2022-05-30,28.2,36.4,32.3,32.6,8.0,Summer
2022-05-31,28.6,44.9,36.7,46.8,0.0,Summer
2022-06-01,22.6,33.2,27.9,80.2,70.9,Monsoon
2022-06-02,27.9,28.6,28.2,74.5,64.0,Monsoon
2022-06-03,26.9,34.2,30.5,81.7,13.8,Monsoon
2022-06-04,23.6,30.2,26.9,74.2,128.5,Monsoon
2022-06-05,22.4,29.4,25.9,86.1,0.0,Monsoon
2022-06-06,23.4,31.6,27.5,74.7,0.0,Monsoon
2022-06-07,23.2,33.8,28.5,81.2,135.4,Monsoon
2022-06-08,27.0,29.0,28.0,72.0,139.5,Monsoon
2022-06-09,24.1,32.0,28.0,75.0,0.0,Monsoon
2022-06-10,26.8,33.8,30.3,78.1,140.6,Monsoon
2022-06-11,27.2,34.3,30.7,71.5,66.2,Monsoon
2022-06-12,23.8,31.9,27.8,80.3,97.9,Monsoon
2022-06-13,27.3,32.8,30.0,74.1,91.1,Monsoon
2022-06-14,25.8,33.3,29.5,78.8,88.2,Monsoon
2022-06-15,27.5,33.8,30.7,83.9,0.0,Monsoon
2022-06-16,24.2,31.5,27.9,74.3,81.7,Monsoon
2022-06-17,22.7,31.5,27.1,72.5,0.0,Monsoon
2022-06-18,24.3,30.1,27.2,82.6,96.6,Monsoon
2022-06-19,23.3,34.7,29.0,86.8,10.9,Monsoon
2022-06-20,23.5,35.0,29.3,71.1,0.0,Monsoon
2022-06-21,27.9,31.1,29.5,85.2,12.4,Monsoon
2022-06-22,22.4,33.5,27.9,76.0,100.8,Monsoon
2022-06-23,25.0,34.6,29.8,85.6,13.4,Monsoon
2022-06-24,23.7,33.8,28.7,92.5,64.6,Monsoon
2022-06-25,28.0,32.2,30.1,72.9,0.0,Monsoon
2022-06-26,26.7,30.0,28.3,83.8,119.7,Monsoon
2022-06-27,23.6,31.3,27.5,91.8,95.6,Monsoon
2022-06-28,27.8,31.7,29.8,87.8,20.7,Monsoon
2022-06-29,24.1,32.8,28.5,82.0,0.0,Monsoon
2022-06-30,25.2,34.3,29.8,86.5,114.0,Monsoon
2022-07-01,25.5,32.3,28.9,70.3,0.0,Monsoon
2022-07-02,25.7,32.8,29.2,90.5,15.5,Monsoon
2022-07-03,25.0,31.8,28.4,71.3,25.7,Monsoon
2022-07-04,25.0,34.9,30.0,72.7,114.9,Monsoon
2022-07-05,26.5,30.4,28.5,76.9,0.0,Monsoon
2022-07-06,23.3,28.9,26.1,88.3,16.4,Monsoon
2022-07-07,25.3,34.6,30.0,82.1,132.4,Monsoon
2022-07-08,22.9,33.3,28.1,73.8,15.1,Monsoon
2022-07-09,24.6,28.6,26.6,82.6,105.8,Monsoon
2022-07-10,27.2,31.4,29.3,93.7,78.2,Monsoon
2022-07-11,26.6,30.5,28.6,88.2,24.9,Monsoon
2022-07-12,27.6,33.4,30.5,79.2,149.0,Monsoon
2022-07-13,24.1,31.8,28.0,83.8,108.7,Monsoon
2022-07-14,24.7,30.6,27.7,88.8,70.4,Monsoon
2022-07-15,25.1,33.5,29.3,70.9,0.0,Monsoon
2022-07-16,27.2,29.8,28.5,87.4,139.8,Monsoon
2022-07-17,25.9,33.7,29.8,87.7,0.0,Monsoon
2022-07-18,25.6,32.4,29.0,82.9,0.0,Monsoon
2022-07-19,22.8,32.1,27.5,77.7,75.2,Monsoon
2022-07-20,23.1,31.1,27.1,80.6,94.1,Monsoon
2022-07-21,25.7,33.1,29.4,83.8,127.9,Monsoon
2022-07-22,26.5,31.7,29.1,81.8,80.0,Monsoon
2022-07-23,25.5,31.2,28.4,81.7,124.6,Monsoon
2022-07-24,25.3,34.2,29.7,78.6,144.5,Monsoon
2022-07-25,26.6,34.2,30.4,91.4,109.4,Monsoon
2022-07-26,25.4,31.2,28.3,78.8,0.0,Monsoon
2022-07-27,27.6,28.1,27.9,71.7,89.7,Monsoon
2022-07-28,23.1,32.3,27.7,73.2,99.7,Monsoon
2022-07-29,27.4,29.1,28.2,71.9,143.2,Monsoon
2022-07-30,26.9,30.9,28.9,82.9,110.2,Monsoon
2022-07-31,23.6,35.0,29.3,92.8,86.1,Monsoon
2022-08-01,27.4,30.6,29.0,89.2,0.0,Monsoon
2022-08-02,22.5,31.8,27.2,77.1,83.8,Monsoon
2022-08-03,22.9,30.0,26.4,73.9,32.3,Monsoon
2022-08-04,22.0,34.9,28.5,78.0,58.3,Monsoon
2022-08-05,25.2,31.4,28.3,75.1,62.2,Monsoon
2022-08-06,27.5,34.7,31.1,86.1,36.2,Monsoon
2022-08-07,26.4,30.1,28.3,77.3,143.3,Monsoon
2022-08-08,27.5,33.8,30.6,94.5,0.0,Monsoon
2022-08-09,22.7,30.3,26.5,93.9,61.6,Monsoon
2022-08-10,23.4,31.0,27.2,74.1,0.0,Monsoon
2022-08-11,24.8,30.8,27.8,86.8,0.0,Monsoon
2022-08-12,27.1,28.6,27.8,85.4,0.0,Monsoon
2022-08-13,22.3,33.0,27.7,74.7,127.9,Monsoon
2022-08-14,22.7,32.2,27.5,86.1,0.0,Monsoon
2022-08-15,27.0,28.7,27.9,90.5,0.0,Monsoon
2022-08-16,24.9,28.1,26.5,81.1,21.0,Monsoon
2022-08-17,22.7,32.4,27.6,86.2,0.0,Monsoon
2022-08-18,22.5,28.5,25.5,71.3,0.0,Monsoon
2022-08-19,26.4,33.5,29.9,79.5,24.9,Monsoon
2022-08-20,25.4,33.9,29.6,77.3,0.0,Monsoon
2022-08-21,23.8,33.1,28.5,73.7,5.5,Monsoon
2022-08-22,24.9,28.8,26.9,70.9,63.4,Monsoon
2022-08-23,25.6,32.5,29.1,71.9,21.7,Monsoon
2022-08-24,22.1,30.9,26.5,72.9,88.8,Monsoon
2022-08-25,27.4,33.2,30.3,70.1,1.1,Monsoon
2022-08-26,26.7,34.8,30.7,71.4,0.0,Monsoon
2022-08-27,26.5,33.2,29.8,78.8,141.4,Monsoon
2022-08-28,24.6,29.8,27.2,94.1,24.6,Monsoon
2022-08-29,25.5,30.7,28.1,92.4,3.5,Monsoon
2022-08-30,27.1,29.0,28.0,77.9,45.0,Monsoon
2022-08-31,23.8,33.6,28.7,92.1,7.8,Monsoon
2022-09-01,25.8,32.0,28.9,83.5,29.9,Monsoon
2022-09-02,26.1,33.2,29.6,88.9,93.3,Monsoon
2022-09-03,22.1,30.8,26.5,92.5,0.0,Monsoon
2022-09-04,23.9,33.6,28.8,88.2,64.1,Monsoon
2022-09-05,27.3,30.0,28.7,73.1,0.0,Monsoon
2022-09-06,26.9,29.1,28.0,74.2,31.5,Monsoon
2022-09-07,25.4,33.7,29.5,94.1,41.7,Monsoon
2022-09-08,27.1,32.7,29.9,92.5,110.4,Monsoon
2022-09-09,23.6,34.1,28.9,70.4,31.7,Monsoon
2022-09-10,24.7,33.1,28.9,73.8,0.0,Monsoon
2022-09-11,23.4,31.4,27.4,82.3,25.1,Monsoon
2022-09-12,22.8,33.3,28.1,81.7,0.0,Monsoon
2022-09-13,26.2,28.5,27.4,80.8,94.1,Monsoon
2022-09-14,26.7,30.7,28.7,84.7,0.0,Monsoon
2022-09-15,26.1,31.0,28.6,81.2,52.0,Monsoon
2022-09-16,26.8,31.2,29.0,88.4,0.0,Monsoon
2022-09-17,22.2,29.8,26.0,83.0,97.4,Monsoon
2022-09-18,22.6,33.8,28.2,92.5,0.0,Monsoon
2022-09-19,23.8,33.4,28.6,82.1,43.0,Monsoon
2022-09-20,24.6,32.3,28.4,75.8,41.4,Monsoon
2022-09-21,23.9,33.8,28.8,86.1,15.8,Monsoon
2022-09-22,23.7,31.3,27.5,93.0,111.6,Monsoon
2022-09-23,27.3,29.0,28.1,77.1,135.2,Monsoon
2022-09-24,23.5,33.5,28.5,75.8,114.9,Monsoon
2022-09-25,24.3,28.2,26.3,92.6,5.3,Monsoon
2022-09-26,22.0,31.7,26.8,72.7,62.5,Monsoon
2022-09-27,24.1,34.0,29.1,83.2,117.7,Monsoon
2022-09-28,26.9,29.2,28.1,93.2,87.3,Monsoon
2022-09-29,23.6,29.4,26.5,80.3,61.1,Monsoon
2022-09-30,26.7,30.1,28.4,92.5,136.7,Monsoon
2022-10-01,24.9,28.1,26.5,66.8,0.0,Spring
2022-10-02,21.4,31.7,26.6,66.5,8.0,Spring
2022-10-03,20.6,33.4,27.0,70.1,0.0,Spring
2022-10-04,19.0,29.9,24.4,57.3,0.0,Spring
2022-10-05,23.7,30.1,26.9,57.5,18.8,Spring
2022-10-06,24.3,33.9,29.1,61.8,0.0,Spring
2022-10-07,24.4,31.7,28.1,73.3,0.0,Spring
2022-10-08,24.8,34.1,29.4,71.8,0.0,Spring
2022-10-09,20.7,28.6,24.7,74.6,0.0,Spring
2022-10-10,21.6,28.2,24.9,72.0,0.0,Spring
2022-10-11,21.7,32.2,26.9,58.2,0.0,Spring
2022-10-12,21.0,31.7,26.4,64.7,0.0,Spring
2022-10-13,20.4,34.9,27.6,59.4,0.0,Spring
2022-10-14,23.5,33.4,28.5,73.1,15.1,Spring
2022-10-15,21.5,33.9,27.7,66.8,0.0,Spring
2022-10-16,24.4,29.2,26.8,68.2,0.0,Spring
2022-10-17,23.5,32.0,27.7,61.7,0.0,Spring
2022-10-18,24.9,29.5,27.2,70.8,0.0,Spring
2022-10-19,21.9,30.2,26.0,64.9,5.6,Spring
2022-10-20,24.3,34.3,29.3,74.8,0.0,Spring
2022-10-21,20.8,29.4,25.1,63.9,0.0,Spring
2022-10-22,23.7,33.9,28.8,61.5,18.6,Spring
2022-10-23,21.5,29.9,25.7,72.5,0.0,Spring
2022-10-24,22.6,31.1,26.9,71.3,0.0,Spring
2022-10-25,19.9,32.0,25.9,59.8,7.9,Spring
2022-10-26,22.8,31.4,27.1,73.1,0.0,Spring
2022-10-27,21.2,34.8,28.0,74.0,0.0,Spring
2022-10-28,23.2,32.5,27.9,55.5,0.0,Spring
2022-10-29,22.9,34.0,28.5,60.2,0.0,Spring
2022-10-30,18.0,31.7,24.9,60.0,0.0,Spring
2022-10-31,22.5,30.3,26.4,62.2,0.0,Spring
2022-11-01,23.5,29.0,26.3,57.4,0.0,Spring
2022-11-02,20.6,28.3,24.4,61.6,0.0,Spring
2022-11-03,21.4,31.4,26.4,70.4,0.0,Spring
2022-11-04,22.1,34.5,28.3,56.5,0.0,Spring
2022-11-05,24.9,28.5,26.7,73.9,10.2,Spring
2022-11-06,23.9,32.4,28.1,65.5,0.0,Spring
2022-11-07,20.4,29.6,25.0,68.3,0.0,Spring
2022-11-08,20.9,31.8,26.4,69.7,7.0,Spring
2022-11-09,20.5,34.5,27.5,69.9,0.0,Spring
2022-11-10,23.2,29.0,26.1,69.2,0.0,Spring
2022-11-11,21.4,31.9,26.7,70.5,0.0,Spring
2022-11-12,21.0,34.5,27.8,57.9,12.4,Spring
2022-11-13,20.7,33.9,27.3,72.8,0.0,Spring
2022-11-14,22.3,34.1,28.2,70.7,0.0,Spring
2022-11-15,19.9,29.1,24.5,59.5,0.0,Spring
2022-11-16,24.0,34.7,29.4,68.1,0.0,Spring
2022-11-17,19.9,29.0,24.5,63.9,0.0,Spring
2022-11-18,21.3,29.3,25.3,61.5,0.0,Spring
2022-11-19,19.2,33.3,26.3,70.3,0.0,Spring
2022-11-20,19.1,30.6,24.8,56.1,0.0,Spring
2022-11-21,24.0,34.7,29.3,69.4,0.0,Spring
2022-11-22,18.9,29.1,24.0,66.2,0.0,Spring
2022-11-23,24.7,28.1,26.4,75.0,0.0,Spring
2022-11-24,18.8,32.7,25.8,57.9,0.0,Spring
2022-11-25,18.9,28.4,23.6,69.2,0.0,Spring
2022-11-26,22.7,32.9,27.8,56.0,0.0,Spring
2022-11-27,20.6,34.2,27.4,63.2,0.0,Spring
2022-11-28,24.3,28.6,26.5,57.3,0.0,Spring
2022-11-29,24.9,28.6,26.7,60.1,0.0,Spring
2022-11-30,22.6,32.3,27.4,57.7,0.0,Spring
2022-12-01,12.5,23.9,18.2,53.1,0.0,Winter
2022-12-02,13.2,27.3,20.3,63.0,0.0,Winter
2022-12-03,17.4,28.5,22.9,53.3,0.0,Winter
2022-12-04,10.3,23.8,17.1,61.1,0.0,Winter
2022-12-05,16.1,25.3,20.7,52.7,0.0,Winter
2022-12-06,13.8,29.5,21.6,54.1,0.0,Winter
2022-12-07,13.6,23.3,18.5,54.7,0.0,Winter
2022-12-08,14.9,27.5,21.2,51.2,0.0,Winter
2022-12-09,12.3,22.4,17.4,67.9,0.0,Winter
2022-12-10,16.5,26.7,21.6,53.7,0.0,Winter
2022-12-11,10.7,22.2,16.5,69.9,3.6,Winter
2022-12-12,16.9,28.5,22.7,50.5,0.0,Winter
2022-12-13,13.7,26.6,20.2,53.1,0.0,Winter
2022-12-14,15.1,26.4,20.8,61.5,0.0,Winter
2022-12-15,17.5,23.9,20.7,66.8,0.0,Winter
2022-12-16,16.7,26.8,21.7,60.9,0.0,Winter
2022-12-17,14.6,29.5,22.0,61.2,0.0,Winter
2022-12-18,15.6,23.6,19.6,65.1,0.0,Winter
2022-12-19,14.9,25.8,20.3,58.0,0.0,Winter
2022-12-20,14.2,27.7,20.9,53.3,0.0,Winter
2022-12-21,14.6,27.0,20.8,67.1,0.0,Winter
2022-12-22,10.7,22.9,16.8,52.6,4.3,Winter
2022-12-23,13.8,27.6,20.7,52.8,0.0,Winter
2022-12-24,16.0,23.9,19.9,56.3,0.0,Winter
2022-12-25,14.0,29.7,21.8,50.0,0.0,Winter
2022-12-26,11.5,22.0,16.8,68.9,0.0,Winter
2022-12-27,14.0,29.2,21.6,58.6,0.0,Winter
2022-12-28,12.2,27.5,19.8,51.7,0.0,Winter
2022-12-29,12.5,23.8,18.1,61.6,0.0,Winter
2022-12-30,15.1,27.6,21.4,56.6,0.0,Winter
2022-12-31,10.9,29.6,20.2,50.5,0.0,Winter
2023-01-01,13.0,28.4,20.7,54.7,0.0,Winter
2023-01-02,13.0,23.5,18.3,64.8,0.0,Winter
2023-01-03,11.5,24.2,17.9,59.0,0.0,Winter
2023-01-04,16.2,27.7,22.0,60.0,0.0,Winter
2023-01-05,17.3,26.0,21.6,57.5,0.0,Winter
2023-01-06,16.3,24.8,20.5,63.5,0.0,Winter
2023-01-07,15.5,23.4,19.5,67.4,0.0,Winter
2023-01-08,11.1,27.8,19.4,56.8,0.0,Winter
2023-01-09,14.9,28.6,21.7,63.7,0.0,Winter
2023-01-10,13.8,28.1,21.0,52.9,3.6,Winter
2023-01-11,17.4,27.2,22.3,55.9,0.0,Winter
2023-01-12,12.2,26.4,19.3,63.1,0.0,Winter
2023-01-13,10.6,27.4,19.0,61.7,0.0,Winter
2023-01-14,15.1,25.0,20.0,67.4,0.0,Winter
2023-01-15,13.4,28.1,20.7,57.9,0.0,Winter
2023-01-16,17.9,23.5,20.7,53.3,0.0,Winter
2023-01-17,14.2,22.0,18.1,63.1,0.0,Winter
2023-01-18,13.4,24.3,18.8,59.4,0.0,Winter
2023-01-19,11.1,30.0,20.5,57.3,0.0,Winter
2023-01-20,15.9,24.1,20.0,68.9,0.0,Winter
2023-01-21,11.8,23.5,17.6,69.2,0.0,Winter
2023-01-22,15.9,28.8,22.3,52.7,0.0,Winter
2023-01-23,13.5,22.4,18.0,64.4,0.0,Winter
2023-01-24,16.8,22.5,19.6,64.8,0.0,Winter
2023-01-25,10.9,22.9,16.9,62.6,0.0,Winter
2023-01-26,18.0,30.0,24.0,68.2,1.2,Winter
2023-01-27,10.7,26.9,18.8,59.6,0.0,Winter
2023-01-28,11.3,24.8,18.0,50.4,0.0,Winter
2023-01-29,17.1,29.5,23.3,64.1,0.0,Winter
2023-01-30,11.8,29.5,20.6,60.2,0.0,Winter
2023-01-31,15.1,22.0,18.6,63.8,0.0,Winter
2023-02-01,13.5,28.3,20.9,61.1,0.0,Winter
2023-02-02,16.7,22.2,19.5,60.5,0.0,Winter
2023-02-03,16.4,27.6,22.0,60.9,0.0,Winter
2023-02-04,12.2,26.8,19.5,69.7,0.0,Winter
2023-02-05,16.9,24.1,20.5,56.3,0.0,Winter
2023-02-06,14.8,24.5,19.7,50.3,0.0,Winter
2023-02-07,14.1,22.3,18.2,57.4,0.0,Winter
2023-02-08,15.3,29.2,22.3,58.3,0.0,Winter
2023-02-09,14.1,29.9,22.0,59.3,0.0,Winter
2023-02-10,11.1,27.1,19.1,59.0,0.0,Winter
2023-02-11,12.3,29.7,21.0,55.7,0.0,Winter
2023-02-12,14.1,26.7,20.4,51.0,0.0,Winter
2023-02-13,16.7,28.0,22.3,66.3,0.0,Winter
2023-02-14,13.9,22.2,18.1,57.0,0.0,Winter
2023-02-15,15.5,26.7,21.1,58.9,0.0,Winter
2023-02-16,13.9,29.5,21.7,57.2,0.0,Winter
2023-02-17,10.5,24.5,17.5,57.1,0.0,Winter
2023-02-18,15.3,27.6,21.5,62.2,0.0,Winter
2023-02-19,17.3,24.3,20.8,55.7,0.0,Winter
2023-02-20,13.3,22.4,17.9,55.6,0.0,Winter
2023-02-21,13.8,28.1,21.0,57.2,0.0,Winter
2023-02-22,12.9,24.8,18.9,59.3,0.0,Winter
2023-02-23,13.7,28.8,21.3,54.1,0.0,Winter
2023-02-24,14.4,24.8,19.6,52.5,0.0,Winter
2023-02-25,13.2,24.8,19.0,62.1,0.0,Winter
2023-02-26,10.6,27.0,18.8,65.7,0.0,Winter
2023-02-27,14.8,25.2,20.0,67.0,0.0,Winter
2023-02-28,16.4,27.7,22.1,56.3,0.0,Winter
2023-03-01,29.3,40.6,34.9,33.6,0.0,Summer
2023-03-02,27.3,38.6,32.9,33.1,0.0,Summer
2023-03-03,29.1,42.9,36.0,34.5,0.0,Summer
2023-03-04,26.4,40.9,33.7,35.3,0.0,Summer
2023-03-05,26.9,36.1,31.5,37.2,0.0,Summer
2023-03-06,29.4,39.0,34.2,36.8,7.5,Summer
2023-03-07,25.5,35.8,30.6,31.4,0.0,Summer
2023-03-08,28.3,39.5,33.9,41.9,0.0,Summer
2023-03-09,27.7,43.5,35.6,44.5,1.8,Summer
2023-03-10,26.2,38.1,32.1,46.8,0.0,Summer
2023-03-11,28.8,42.2,35.5,39.2,0.0,Summer
2023-03-12,26.3,35.4,30.9,33.0,0.0,Summer
2023-03-13,30.4,36.0,33.2,37.5,0.0,Summer
2023-03-14,26.6,42.5,34.5,42.1,0.0,Summer
2023-03-15,28.5,40.7,34.6,43.5,0.0,Summer
2023-03-16,31.7,41.7,36.7,45.1,0.0,Summer
2023-03-17,30.9,43.3,37.1,47.7,0.0,Summer
2023-03-18,30.8,43.9,37.3,41.8,0.0,Summer
2023-03-19,26.6,38.0,32.3,41.8,0.0,Summer
2023-03-20,29.9,36.0,33.0,40.5,1.5,Summer
2023-03-21,30.7,35.2,32.9,41.3,0.0,Summer
2023-03-22,27.4,41.7,34.5,45.8,0.0,Summer
2023-03-23,31.0,39.5,35.2,32.9,0.0,Summer
2023-03-24,26.9,36.9,31.9,45.0,0.0,Summer
2023-03-25,30.3,43.1,36.7,40.5,0.0,Summer
2023-03-26,25.3,35.7,30.5,41.7,3.9,Summer
2023-03-27,28.6,41.8,35.2,38.5,0.0,Summer
2023-03-28,25.3,42.7,34.0,38.4,3.8,Summer
2023-03-29,27.0,36.7,31.8,31.8,0.0,Summer
2023-03-30,30.5,42.3,36.4,43.1,5.9,Summer
2023-03-31,29.6,36.7,33.1,30.1,2.5,Summer
2023-04-01,31.6,36.0,33.8,41.4,0.1,Summer
2023-04-02,28.4,36.3,32.3,48.2,0.0,Summer
2023-04-03,31.5,39.0,35.3,45.8,0.0,Summer
2023-04-04,29.9,44.3,37.1,46.1,0.0,Summer
2023-04-05,27.3,43.8,35.5,45.0,0.0,Summer
2023-04-06,31.2,35.2,33.2,47.2,0.0,Summer
2023-04-07,30.2,41.7,35.9,41.8,0.0,Summer
2023-04-08,31.2,37.7,34.5,34.2,0.0,Summer
2023-04-09,27.0,39.0,33.0,43.1,0.0,Summer
2023-04-10,28.3,39.6,33.9,39.2,0.0,Summer
2023-04-11,28.1,37.1,32.6,30.9,0.0,Summer
2023-04-12,28.1,38.4,33.2,35.4,6.1,Summer
2023-04-13,30.2,38.4,34.3,49.8,6.2,Summer
2023-04-14,26.1,41.4,33.7,48.3,0.0,Summer
2023-04-15,26.1,41.6,33.9,47.1,0.0,Summer
2023-04-16,25.6,36.8,31.2,41.7,0.0,Summer
2023-04-17,31.7,35.4,33.6,37.3,1.7,Summer
2023-04-18,29.1,43.2,36.2,49.7,0.0,Summer
2023-04-19,29.1,43.0,36.1,48.7,0.0,Summer
2023-04-20,27.7,43.3,35.5,46.5,0.0,Summer
2023-04-21,30.5,37.2,33.9,45.5,0.0,Summer
2023-04-22,28.5,35.1,31.8,49.1,0.0,Summer
2023-04-23,26.1,41.8,34.0,38.7,0.0,Summer
2023-04-24,28.9,37.3,33.1,46.9,0.0,Summer
2023-04-25,29.7,40.3,35.0,45.0,0.0,Summer
2023-04-26,26.4,38.5,32.4,38.4,9.8,Summer
2023-04-27,26.9,42.4,34.6,41.7,0.0,Summer
2023-04-28,30.1,44.5,37.3,41.3,0.0,Summer
2023-04-29,29.7,36.6,33.2,36.8,0.0,Summer
2023-04-30,26.8,42.0,34.4,40.5,0.0,Summer
2023-05-01,31.1,43.6,37.4,40.6,0.0,Summer
2023-05-02,28.0,43.8,35.9,46.6,0.0,Summer
2023-05-03,31.6,40.7,36.1,49.1,0.0,Summer
2023-05-04,26.6,43.2,34.9,48.1,0.0,Summer
2023-05-05,31.0,40.1,35.5,31.2,0.0,Summer
2023-05-06,27.0,39.4,33.2,45.9,0.0,Summer
2023-05-07,28.6,40.8,34.7,43.7,0.0,Summer
2023-05-08,27.5,41.7,34.6,49.5,9.4,Summer
2023-05-09,28.4,39.1,33.8,43.0,0.0,Summer
2023-05-10,25.1,39.7,32.4,48.8,0.0,Summer
2023-05-11,26.7,37.5,32.1,37.6,0.0,Summer
2023-05-12,30.8,40.7,35.8,30.4,0.0,Summer
2023-05-13,30.4,35.6,33.0,40.2,0.0,Summer
2023-05-14,30.6,41.8,36.2,48.6,3.8,Summer
2023-05-15,28.0,36.8,32.4,41.5,0.0,Summer
2023-05-16,31.4,44.1,37.7,43.6,0.0,Summer
2023-05-17,26.3,41.1,33.7,32.5,0.0,Summer
2023-05-18,27.3,36.5,31.9,32.4,0.0,Summer
2023-05-19,28.6,40.4,34.5,37.9,0.0,Summer
2023-05-20,28.2,35.1,31.6,45.6,0.0,Summer
2023-05-21,25.2,40.1,32.6,31.4,0.0,Summer
2023-05-22,31.0,39.8,35.4,38.5,0.0,Summer
2023-05-23,29.7,37.9,33.8,46.9,0.0,Summer
2023-05-24,27.1,36.0,31.5,30.7,0.0,Summer
2023-05-25,25.1,40.9,33.0,31.4,0.0,Summer
2023-05-26,30.1,35.9,33.0,42.0,0.0,Summer
2023-05-27,31.4,44.8,38.1,32.8,0.0,Summer
2023-05-28,28.0,39.7,33.8,41.8,0.0,Summer
2023-05-29,29.8,41.0,35.4,37.3,0.0,Summer
2023-05-30,27.8,42.2,35.0,30.3,7.4,Summer
2023-05-31,28.0,44.7,36.3,38.5,0.0,Summer
2023-06-01,26.3,28.7,27.5,75.0,0.0,Monsoon
2023-06-02,22.9,30.9,26.9,86.8,34.4,Monsoon
2023-06-03,25.5,28.7,27.1,82.6,9.0,Monsoon
2023-06-04,27.1,32.5,29.8,93.3,101.5,Monsoon
2023-06-05,25.9,31.4,28.6,84.8,58.7,Monsoon
2023-06-06,24.4,33.2,28.8,73.8,0.0,Monsoon
2023-06-07,23.9,34.9,29.4,75.3,0.0,Monsoon
2023-06-08,23.7,28.3,26.0,70.8,39.8,Monsoon
2023-06-09,23.7,31.8,27.8,92.7,112.3,Monsoon
2023-06-10,27.8,32.7,30.2,72.2,54.9,Monsoon
2023-06-11,23.2,31.0,27.1,93.0,14.6,Monsoon
2023-06-12,23.0,29.0,26.0,90.2,62.7,Monsoon
2023-06-13,22.7,33.2,28.0,84.9,126.3,Monsoon
2023-06-14,23.2,34.3,28.8,75.8,0.0,Monsoon
2023-06-15,26.1,28.4,27.3,84.6,43.2,Monsoon
2023-06-16,25.3,34.9,30.1,73.1,0.0,Monsoon
2023-06-17,22.8,30.0,26.4,87.2,26.3,Monsoon
2023-06-18,22.9,29.0,26.0,80.5,52.7,Monsoon
2023-06-19,24.1,34.9,29.5,85.7,81.6,Monsoon
2023-06-20,23.4,30.9,27.2,75.9,95.3,Monsoon
2023-06-21,23.6,30.1,26.8,85.3,101.2,Monsoon
2023-06-22,27.3,29.3,28.3,74.3,0.0,Monsoon
2023-06-23,23.4,32.2,27.8,93.1,143.0,Monsoon
2023-06-24,24.2,33.7,29.0,74.3,12.5,Monsoon
2023-06-25,27.3,33.8,30.6,78.6,92.3,Monsoon
2023-06-26,24.4,31.7,28.1,93.0,91.5,Monsoon
2023-06-27,24.2,33.3,28.8,83.1,4.3,Monsoon
2023-06-28,22.0,31.2,26.6,90.9,133.0,Monsoon
2023-06-29,27.5,29.4,28.4,95.0,126.0,Monsoon
2023-06-30,26.2,34.3,30.3,76.1,128.0,Monsoon
2023-07-01,25.8,34.9,30.3,88.6,52.0,Monsoon
2023-07-02,26.6,29.1,27.9,83.3,144.5,Monsoon
2023-07-03,27.9,31.7,29.8,77.9,117.7,Monsoon
2023-07-04,23.5,31.9,27.7,85.6,104.1,Monsoon
2023-07-05,24.2,29.1,26.7,76.0,144.7,Monsoon
2023-07-06,22.5,28.8,25.6,93.7,132.3,Monsoon
2023-07-07,26.1,31.3,28.7,84.6,108.9,Monsoon
2023-07-08,27.3,30.9,29.1,78.7,0.0,Monsoon
2023-07-09,24.7,32.3,28.5,91.6,94.7,Monsoon
2023-07-10,23.8,32.4,28.1,72.1,4.3,Monsoon
2023-07-11,26.4,30.5,28.4,90.4,2.5,Monsoon
2023-07-12,26.6,29.5,28.1,72.9,0.0,Monsoon
2023-07-13,28.0,29.9,28.9,83.3,0.0,Monsoon
2023-07-14,24.1,29.5,26.8,72.7,60.5,Monsoon
2023-07-15,25.2,29.6,27.4,90.0,14.9,Monsoon
2023-07-16,26.7,29.6,28.2,87.2,143.1,Monsoon
2023-07-17,24.1,32.7,28.4,84.3,83.9,Monsoon
2023-07-18,22.9,31.8,27.3,94.5,80.3,Monsoon
2023-07-19,27.0,34.2,30.6,82.0,0.0,Monsoon
2023-07-20,23.7,28.2,25.9,85.6,90.4,Monsoon
2023-07-21,27.1,29.5,28.3,86.1,55.1,Monsoon
2023-07-22,24.0,30.7,27.3,86.4,20.1,Monsoon
2023-07-23,27.5,34.3,30.9,84.4,0.0,Monsoon
2023-07-24,23.8,33.0,28.4,73.7,128.3,Monsoon
2023-07-25,22.8,32.9,27.9,88.8,78.4,Monsoon
2023-07-26,23.1,30.2,26.7,77.5,0.0,Monsoon
2023-07-27,23.1,29.8,26.4,84.4,0.0,Monsoon
2023-07-28,26.4,33.8,30.1,78.2,51.1,Monsoon
2023-07-29,24.7,31.5,28.1,90.6,0.0,Monsoon
2023-07-30,22.4,28.5,25.5,94.3,120.3,Monsoon
2023-07-31,26.8,32.4,29.6,82.9,6.9,Monsoon
2023-08-01,23.3,34.5,28.9,92.5,111.1,Monsoon
2023-08-02,26.9,35.0,31.0,82.4,86.9,Monsoon
2023-08-03,24.3,33.9,29.1,77.6,0.0,Monsoon
2023-08-04,22.7,34.9,28.8,86.3,58.9,Monsoon
2023-08-05,25.0,33.1,29.1,91.2,1.5,Monsoon
2023-08-06,27.9,34.2,31.0,91.0,0.0,Monsoon
2023-08-07,27.8,34.1,31.0,79.1,116.7,Monsoon
2023-08-08,23.4,32.7,28.0,80.1,25.8,Monsoon
2023-08-09,26.4,31.7,29.1,92.8,88.2,Monsoon
2023-08-10,26.0,34.4,30.2,81.0,100.5,Monsoon
2023-08-11,24.9,31.1,28.0,79.1,92.9,Monsoon
2023-08-12,25.5,31.4,28.4,93.1,79.7,Monsoon
2023-08-13,24.0,29.9,26.9,86.5,33.5,Monsoon
2023-08-14,25.3,30.4,27.8,94.0,28.3,Monsoon
2023-08-15,24.2,28.5,26.3,77.4,80.6,Monsoon
2023-08-16,26.2,33.9,30.0,93.3,140.4,Monsoon
2023-08-17,25.1,30.2,27.6,70.1,123.6,Monsoon
2023-08-18,22.7,29.1,25.9,83.8,0.0,Monsoon
2023-08-19,27.4,32.9,30.1,79.7,120.8,Monsoon
2023-08-20,26.8,31.0,28.9,93.6,0.0,Monsoon
2023-08-21,27.3,34.5,30.9,92.1,0.0,Monsoon
2023-08-22,27.3,30.4,28.9,72.2,123.5,Monsoon
2023-08-23,27.6,30.3,29.0,84.2,135.6,Monsoon
2023-08-24,22.8,28.7,25.7,84.4,94.0,Monsoon
2023-08-25,25.9,31.4,28.7,85.7,143.8,Monsoon
2023-08-26,24.0,31.4,27.7,86.1,0.0,Monsoon
2023-08-27,23.6,30.2,26.9,92.7,108.3,Monsoon
2023-08-28,23.2,33.2,28.2,81.0,127.4,Monsoon
2023-08-29,25.1,29.3,27.2,81.0,112.7,Monsoon
2023-08-30,24.0,31.3,27.6,87.1,0.0,Monsoon
2023-08-31,24.2,30.5,27.3,74.5,50.2,Monsoon
2023-09-01,26.4,29.3,27.8,91.7,30.1,Monsoon
2023-09-02,23.7,33.3,28.5,75.6,112.2,Monsoon
2023-09-03,24.4,28.3,26.4,83.3,0.0,Monsoon
2023-09-04,22.3,29.4,25.9,79.1,120.9,Monsoon
2023-09-05,25.9,32.9,29.4,76.6,115.2,Monsoon
2023-09-06,25.2,31.4,28.3,89.5,37.1,Monsoon
2023-09-07,26.3,34.7,30.5,85.4,103.7,Monsoon
2023-09-08,23.6,29.4,26.5,75.8,0.0,Monsoon
2023-09-09,24.2,28.5,26.4,76.3,50.6,Monsoon
2023-09-10,25.3,34.6,29.9,76.4,53.0,Monsoon
2023-09-11,24.8,32.9,28.8,93.0,33.6,Monsoon
2023-09-12,24.4,32.7,28.6,76.0,18.3,Monsoon
2023-09-13,27.5,34.8,31.2,79.9,0.0,Monsoon
2023-09-14,23.1,33.5,28.3,93.7,6.7,Monsoon
2023-09-15,22.6,31.9,27.2,76.4,13.5,Monsoon
2023-09-16,25.4,30.0,27.7,94.7,137.2,Monsoon
2023-09-17,23.6,33.2,28.4,88.1,143.0,Monsoon
2023-09-18,27.5,29.4,28.5,86.8,0.0,Monsoon
2023-09-19,24.8,28.4,26.6,81.9,112.4,Monsoon
2023-09-20,25.5,33.0,29.2,89.4,0.8,Monsoon
2023-09-21,23.5,28.1,25.8,86.7,63.3,Monsoon
2023-09-22,22.7,32.1,27.4,82.1,0.0,Monsoon
2023-09-23,22.8,28.4,25.6,78.5,18.0,Monsoon
2023-09-24,23.9,32.3,28.1,70.7,0.0,Monsoon
2023-09-25,24.8,33.1,29.0,71.2,125.1,Monsoon
2023-09-26,22.3,28.5,25.4,75.1,0.0,Monsoon
2023-09-27,25.4,32.5,29.0,88.0,0.0,Monsoon
2023-09-28,27.7,30.2,29.0,93.3,98.3,Monsoon
2023-09-29,26.3,28.8,27.5,74.1,138.2,Monsoon
2023-09-30,25.7,28.2,27.0,89.1,9.0,Monsoon
2023-10-01,24.0,34.0,29.0,67.5,0.0,Spring
2023-10-02,24.8,30.0,27.4,64.3,0.0,Spring
2023-10-03,24.6,30.8,27.7,62.6,12.0,Spring
2023-10-04,22.0,29.7,25.9,69.9,0.0,Spring
2023-10-05,24.1,32.1,28.1,65.3,0.0,Spring
2023-10-06,21.9,29.4,25.7,70.8,0.0,Spring
2023-10-07,22.6,30.6,26.6,58.5,0.0,Spring
2023-10-08,19.7,33.1,26.4,63.9,0.0,Spring
2023-10-09,20.3,31.3,25.8,68.1,0.0,Spring
2023-10-10,23.4,32.4,27.9,67.9,7.9,Spring
2023-10-11,19.6,28.7,24.2,71.9,0.0,Spring
2023-10-12,20.0,30.3,25.2,56.4,11.6,Spring
2023-10-13,19.1,34.5,26.8,57.7,0.0,Spring
2023-10-14,18.3,31.0,24.7,61.9,0.0,Spring
2023-10-15,22.5,33.8,28.1,58.2,0.0,Spring
2023-10-16,25.0,29.3,27.1,70.5,0.0,Spring
2023-10-17,22.9,30.3,26.6,63.8,0.0,Spring
2023-10-18,21.2,33.2,27.2,73.2,16.7,Spring
2023-10-19,18.8,33.5,26.2,71.1,12.8,Spring
2023-10-20,21.1,33.6,27.3,63.0,0.0,Spring
2023-10-21,19.9,34.6,27.3,71.4,0.0,Spring
2023-10-22,19.1,32.7,25.9,72.5,0.0,Spring
2023-10-23,23.3,30.0,26.6,65.3,0.0,Spring
2023-10-24,21.5,33.1,27.3,63.4,12.8,Spring
2023-10-25,22.5,30.2,26.3,56.4,9.3,Spring
2023-10-26,22.4,32.5,27.4,57.9,0.0,Spring
2023-10-27,21.0,34.6,27.8,55.3,0.0,Spring
2023-10-28,21.2,32.7,26.9,63.9,0.0,Spring
2023-10-29,21.7,29.3,25.5,62.3,0.0,Spring
2023-10-30,24.9,32.1,28.5,58.3,0.1,Spring
2023-10-31,21.0,34.3,27.7,60.3,0.0,Spring
2023-11-01,22.8,34.7,28.8,72.8,0.0,Spring
2023-11-02,23.0,33.7,28.4,71.2,0.0,Spring
2023-11-03,19.6,32.9,26.3,64.2,0.0,Spring
2023-11-04,19.5,29.0,24.3,64.0,17.1,Spring
2023-11-05,21.2,32.7,26.9,70.4,0.0,Spring
2023-11-06,21.2,31.8,26.5,69.1,0.0,Spring
2023-11-07,19.6,31.0,25.3,62.9,0.0,Spring
2023-11-08,22.3,28.6,25.5,58.2,0.0,Spring
2023-11-09,23.7,34.4,29.0,67.0,0.0,Spring
2023-11-10,20.6,29.6,25.1,65.9,0.0,Spring
2023-11-11,22.6,34.6,28.6,71.6,14.7,Spring
2023-11-12,24.2,29.7,27.0,60.3,0.0,Spring
2023-11-13,24.7,32.4,28.5,59.6,0.0,Spring
2023-11-14,24.5,30.3,27.4,56.8,0.0,Spring
2023-11-15,18.9,33.9,26.4,73.1,0.0,Spring
2023-11-16,24.1,33.7,28.9,73.3,0.0,Spring
2023-11-17,23.1,33.1,28.1,67.1,0.0,Spring
2023-11-18,22.8,32.1,27.5,71.5,0.0,Spring
2023-11-19,20.5,29.6,25.1,74.8,0.0,Spring
2023-11-20,19.9,34.7,27.3,71.9,0.0,Spring
2023-11-21,22.0,32.3,27.1,59.0,0.0,Spring
2023-11-22,24.5,28.8,26.6,55.1,0.0,Spring
2023-11-23,19.0,30.4,24.7,70.8,0.0,Spring
2023-11-24,21.0,30.1,25.6,63.0,0.0,Spring
2023-11-25,21.0,30.9,25.9,61.9,0.0,Spring
2023-11-26,19.4,32.0,25.7,61.1,0.7,Spring
2023-11-27,20.8,34.6,27.7,74.7,0.0,Spring
2023-11-28,19.2,28.9,24.0,59.6,0.0,Spring
2023-11-29,22.7,30.5,26.6,65.0,0.0,Spring
2023-11-30,22.3,29.4,25.9,74.9,11.2,Spring
2023-12-01,17.9,25.9,21.9,57.7,1.8,Winter
2023-12-02,15.0,27.2,21.1,52.4,0.0,Winter
2023-12-03,16.2,29.1,22.7,61.8,0.0,Winter
2023-12-04,16.3,28.9,22.6,55.2,2.8,Winter
2023-12-05,14.1,29.8,21.9,50.5,0.0,Winter
2023-12-06,14.1,24.3,19.2,66.6,0.0,Winter
2023-12-07,14.7,26.3,20.5,59.7,0.0,Winter
2023-12-08,13.0,24.2,18.6,70.0,0.4,Winter
2023-12-09,13.5,23.2,18.3,52.0,0.0,Winter
2023-12-10,13.7,26.5,20.1,57.0,0.0,Winter
2023-12-11,13.8,27.1,20.5,65.4,0.0,Winter
2023-12-12,10.2,28.3,19.2,54.0,0.0,Winter
2023-12-13,10.8,24.8,17.8,51.6,4.8,Winter
2023-12-14,13.6,27.6,20.6,61.1,0.0,Winter
2023-12-15,10.0,27.3,18.7,59.0,0.0,Winter
2023-12-16,17.8,28.7,23.3,52.2,0.0,Winter
2023-12-17,11.2,26.8,19.0,56.3,0.0,Winter
2023-12-18,16.0,24.7,20.3,52.0,0.4,Winter
2023-12-19,12.7,29.9,21.3,65.7,0.0,Winter
2023-12-20,15.9,22.9,19.4,63.9,0.0,Winter
2023-12-21,10.8,26.0,18.4,68.3,0.0,Winter
2023-12-22,14.6,28.3,21.5,61.8,0.0,Winter
2023-12-23,12.5,29.9,21.2,68.3,0.0,Winter
2023-12-24,17.6,29.4,23.5,51.5,0.0,Winter
2023-12-25,12.0,24.2,18.1,52.9,0.0,Winter
2023-12-26,10.3,26.1,18.2,57.5,0.0,Winter
2023-12-27,10.5,27.2,18.8,66.1,2.2,Winter
2023-12-28,16.7,27.2,22.0,51.4,0.0,Winter
2023-12-29,11.1,27.3,19.2,65.2,0.0,Winter
2023-12-30,11.1,27.2,19.2,61.1,0.0,Winter
2023-12-31,15.2,28.3,21.8,51.1,0.0,Winter
2024-01-01,11.2,23.9,17.5,55.8,0.8,Winter
2024-01-02,14.1,27.5,20.8,59.1,2.6,Winter
2024-01-03,15.4,26.8,21.1,68.9,2.3,Winter
2024-01-04,10.5,23.2,16.8,56.6,0.0,Winter
2024-01-05,12.2,25.7,18.9,58.1,0.0,Winter
2024-01-06,10.0,22.5,16.3,66.3,0.0,Winter
2024-01-07,15.5,22.2,18.9,54.5,0.0,Winter
2024-01-08,17.7,28.3,23.0,57.8,0.0,Winter
2024-01-09,16.7,26.9,21.8,52.6,0.0,Winter
2024-01-10,11.6,23.9,17.7,65.4,0.0,Winter
2024-01-11,11.2,27.4,19.3,58.2,0.0,Winter
2024-01-12,15.8,24.0,19.9,60.6,0.0,Winter
2024-01-13,12.0,30.0,21.0,59.3,0.0,Winter
2024-01-14,14.4,27.8,21.1,62.1,0.0,Winter
2024-01-15,16.6,24.1,20.3,69.5,0.0,Winter
2024-01-16,10.5,29.6,20.1,59.0,0.0,Winter
2024-01-17,13.3,22.1,17.7,68.6,0.0,Winter
2024-01-18,14.9,23.7,19.3,62.3,0.0,Winter
2024-01-19,16.5,29.4,22.9,63.8,0.0,Winter
2024-01-20,12.4,29.1,20.8,52.9,0.0,Winter
2024-01-21,10.4,23.4,16.9,51.2,0.0,Winter
2024-01-22,13.9,29.7,21.8,60.1,1.9,Winter
2024-01-23,14.2,26.1,20.2,58.6,0.0,Winter
2024-01-24,12.4,22.2,17.3,53.5,0.0,Winter
2024-01-25,17.0,29.3,23.2,68.3,0.0,Winter
2024-01-26,13.8,26.0,19.9,52.8,0.0,Winter
2024-01-27,15.4,30.0,22.7,67.8,0.0,Winter
2024-01-28,15.4,25.3,20.3,63.4,0.0,Winter
2024-01-29,17.6,28.3,22.9,58.7,0.0,Winter
2024-01-30,15.0,26.2,20.6,67.0,0.0,Winter
2024-01-31,15.7,23.1,19.4,67.5,0.0,Winter
2024-02-01,17.8,23.5,20.6,67.4,0.0,Winter
2024-02-02,13.2,23.9,18.6,54.5,0.0,Winter
2024-02-03,16.9,29.4,23.1,56.3,4.8,Winter
2024-02-04,15.2,26.3,20.8,54.1,0.0,Winter
2024-02-05,13.1,23.6,18.4,66.1,0.0,Winter
2024-02-06,10.1,28.5,19.3,53.1,0.0,Winter
2024-02-07,16.4,29.0,22.7,55.5,0.0,Winter
2024-02-08,11.6,25.8,18.7,56.6,0.0,Winter
2024-02-09,17.3,22.4,19.8,57.5,0.0,Winter
2024-02-10,12.6,22.5,17.6,57.8,0.0,Winter
2024-02-11,12.3,26.1,19.2,55.2,0.0,Winter
2024-02-12,18.0,24.0,21.0,55.3,4.4,Winter
2024-02-13,16.2,22.7,19.5,57.2,0.0,Winter
2024-02-14,14.3,25.6,19.9,69.5,0.0,Winter
2024-02-15,14.9,28.0,21.4,62.3,0.0,Winter
2024-02-16,12.2,27.4,19.8,53.1,0.0,Winter
2024-02-17,15.1,26.1,20.6,59.9,0.0,Winter
2024-02-18,17.4,25.9,21.7,53.0,0.0,Winter
2024-02-19,15.5,25.8,20.6,54.9,0.0,Winter
2024-02-20,16.5,29.8,23.1,54.4,0.0,Winter
2024-02-21,13.9,25.0,19.4,63.4,0.0,Winter
2024-02-22,11.7,28.9,20.3,67.1,0.0,Winter
2024-02-23,17.8,26.8,22.3,61.8,1.9,Winter
2024-02-24,17.2,29.0,23.1,65.1,0.0,Winter
2024-02-25,17.4,23.7,20.6,67.4,0.0,Winter
2024-02-26,18.0,29.3,23.7,57.7,0.0,Winter
2024-02-27,12.6,27.1,19.8,57.9,0.0,Winter
2024-02-28,17.6,25.8,21.7,59.4,0.0,Winter
2024-02-29,13.7,23.7,18.7,62.9,0.0,Winter
2024-03-01,29.2,41.2,35.2,38.5,0.1,Summer
2024-03-02,28.9,35.7,32.3,49.6,0.0,Summer
2024-03-03,30.8,38.5,34.6,46.4,0.0,Summer
2024-03-04,25.3,37.5,31.4,32.4,0.0,Summer
2024-03-05,31.1,39.2,35.2,42.7,0.0,Summer
2024-03-06,28.9,41.9,35.4,44.1,0.0,Summer
2024-03-07,28.1,40.0,34.1,32.1,0.0,Summer
2024-03-08,25.4,37.9,31.6,32.5,0.0,Summer
2024-03-09,28.2,35.6,31.9,42.5,0.0,Summer
2024-03-10,26.6,41.4,34.0,48.5,0.0,Summer
2024-03-11,31.6,36.6,34.1,43.6,0.0,Summer
2024-03-12,28.0,35.8,31.9,48.8,0.0,Summer
2024-03-13,30.6,39.1,34.8,49.1,0.0,Summer
2024-03-14,28.9,36.3,32.6,43.7,0.0,Summer
2024-03-15,27.5,43.7,35.6,45.8,0.0,Summer
2024-03-16,26.8,41.0,33.9,37.3,0.0,Summer
2024-03-17,27.4,42.6,35.0,41.0,0.0,Summer
2024-03-18,29.4,35.8,32.6,44.7,0.0,Summer
2024-03-19,26.1,39.7,32.9,39.6,0.0,Summer
2024-03-20,27.5,37.9,32.7,37.5,0.0,Summer
2024-03-21,28.5,44.7,36.6,30.9,0.0,Summer
2024-03-22,25.4,36.5,31.0,43.4,0.0,Summer
2024-03-23,29.9,37.9,33.9,37.3,0.0,Summer
2024-03-24,30.8,42.6,36.7,42.3,0.0,Summer
2024-03-25,31.0,42.1,36.6,40.6,0.0,Summer
2024-03-26,26.0,43.9,35.0,33.5,0.0,Summer
2024-03-27,30.4,35.9,33.1,30.6,0.0,Summer
2024-03-28,31.8,40.0,35.9,35.5,9.2,Summer
2024-03-29,30.2,39.1,34.7,37.2,0.0,Summer
2024-03-30,30.3,40.0,35.2,31.9,0.0,Summer
2024-03-31,30.2,42.4,36.3,41.1,6.8,Summer
2024-04-01,30.6,42.4,36.5,42.1,0.0,Summer
2024-04-02,28.7,44.4,36.6,40.0,0.0,Summer
2024-04-03,29.9,44.0,36.9,37.7,0.0,Summer
2024-04-04,27.8,44.0,35.9,38.0,0.0,Summer
2024-04-05,28.4,38.6,33.5,41.1,0.0,Summer
2024-04-06,28.1,42.7,35.4,39.9,0.0,Summer
2024-04-07,27.4,43.4,35.4,42.9,0.0,Summer
2024-04-08,25.7,42.7,34.2,43.8,0.0,Summer
2024-04-09,29.7,38.1,33.9,46.4,0.0,Summer
2024-04-10,26.6,37.3,31.9,31.7,0.0,Summer
2024-04-11,28.9,40.8,34.8,41.5,0.0,Summer
2024-04-12,31.5,35.2,33.4,35.6,5.2,Summer
2024-04-13,26.1,44.2,35.2,41.2,0.0,Summer
2024-04-14,27.7,41.9,34.8,40.9,0.0,Summer
2024-04-15,30.6,38.9,34.7,40.5,0.0,Summer
2024-04-16,25.2,42.8,34.0,34.0,0.0,Summer
2024-04-17,27.9,40.9,34.4,34.9,0.0,Summer
2024-04-18,30.3,43.1,36.7,36.0,0.0,Summer
2024-04-19,26.2,39.0,32.6,44.7,0.0,Summer
2024-04-20,29.1,38.9,34.0,32.5,5.9,Summer
2024-04-21,27.7,40.6,34.1,47.1,0.0,Summer
2024-04-22,31.8,38.6,35.2,36.1,4.6,Summer
2024-04-23,28.2,39.9,34.1,33.7,8.5,Summer
2024-04-24,28.6,39.3,34.0,32.4,0.0,Summer
2024-04-25,25.7,42.6,34.2,34.5,0.0,Summer
2024-04-26,26.1,41.1,33.6,31.3,0.0,Summer
2024-04-27,28.7,40.5,34.6,47.7,0.0,Summer
2024-04-28,27.7,43.1,35.4,42.5,0.0,Summer
2024-04-29,28.1,40.5,34.3,33.9,0.0,Summer
2024-04-30,27.6,37.0,32.3,41.3,0.0,Summer
2024-05-01,29.2,35.9,32.5,32.6,0.0,Summer
2024-05-02,28.6,38.5,33.5,41.1,0.0,Summer
2024-05-03,28.1,37.7,32.9,33.5,0.0,Summer
2024-05-04,26.4,35.6,31.0,33.1,0.0,Summer
2024-05-05,25.4,41.4,33.4,40.7,0.0,Summer
2024-05-06,30.6,36.3,33.4,36.9,0.0,Summer
2024-05-07,28.0,37.6,32.8,36.9,0.0,Summer
2024-05-08,28.8,41.5,35.2,39.8,0.0,Summer
2024-05-09,31.2,39.7,35.5,35.4,0.0,Summer
2024-05-10,28.2,41.9,35.0,46.4,0.0,Summer
2024-05-11,30.1,38.0,34.1,43.8,1.0,Summer
2024-05-12,27.2,44.1,35.6,44.9,0.0,Summer
2024-05-13,26.4,40.0,33.2,48.4,9.5,Summer
2024-05-14,31.9,35.8,33.9,45.5,0.0,Summer
2024-05-15,31.9,39.8,35.8,43.6,0.0,Summer
2024-05-16,27.5,36.5,32.0,49.0,0.0,Summer
2024-05-17,27.4,40.1,33.7,40.6,0.0,Summer
2024-05-18,25.8,38.0,31.9,32.9,1.3,Summer
2024-05-19,29.7,36.6,33.1,40.0,0.0,Summer
2024-05-20,29.8,39.8,34.8,42.3,9.8,Summer
2024-05-21,30.5,43.9,37.2,42.7,0.0,Summer
2024-05-22,27.0,41.3,34.1,48.8,0.0,Summer
2024-05-23,27.3,43.0,35.1,30.7,0.0,Summer
2024-05-24,26.8,35.1,31.0,47.6,0.0,Summer
2024-05-25,30.9,41.8,36.4,46.1,0.0,Summer
2024-05-26,29.4,40.1,34.7,42.4,1.6,Summer
2024-05-27,28.2,36.7,32.5,38.4,0.0,Summer
2024-05-28,31.4,36.0,33.7,35.3,0.0,Summer
2024-05-29,31.1,44.0,37.6,31.4,0.0,Summer
2024-05-30,32.0,39.1,35.6,49.4,7.1,Summer
2024-05-31,26.4,35.3,30.8,39.8,0.0,Summer
2024-06-01,28.0,34.0,31.0,83.2,5.2,Monsoon
2024-06-02,27.4,34.1,30.7,94.8,8.3,Monsoon
2024-06-03,23.6,33.3,28.5,90.0,91.1,Monsoon
2024-06-04,24.4,33.0,28.7,90.8,83.4,Monsoon
2024-06-05,25.2,29.1,27.1,80.0,0.0,Monsoon
2024-06-06,26.3,30.1,28.2,87.7,0.0,Monsoon
2024-06-07,22.7,34.9,28.8,82.2,0.0,Monsoon
2024-06-08,24.5,30.9,27.7,89.3,7.8,Monsoon
2024-06-09,24.3,32.3,28.3,84.0,0.0,Monsoon
2024-06-10,25.9,30.6,28.3,84.4,120.0,Monsoon
2024-06-11,24.7,31.6,28.2,73.1,64.5,Monsoon
2024-06-12,27.0,30.3,28.7,94.5,56.9,Monsoon
2024-06-13,25.5,28.5,27.0,92.6,57.9,Monsoon
2024-06-14,26.4,28.0,27.2,88.9,96.5,Monsoon
2024-06-15,23.2,34.0,28.6,70.8,113.3,Monsoon
2024-06-16,23.6,29.7,26.6,87.9,0.0,Monsoon
2024-06-17,24.3,34.4,29.4,70.8,68.8,Monsoon
2024-06-18,25.8,33.8,29.8,85.7,0.0,Monsoon
2024-06-19,22.8,29.9,26.3,78.3,125.7,Monsoon
2024-06-20,22.3,29.3,25.8,90.5,0.0,Monsoon
2024-06-21,27.0,34.5,30.8,89.3,61.1,Monsoon
2024-06-22,26.5,29.8,28.2,83.6,96.4,Monsoon
2024-06-23,27.2,28.8,28.0,79.0,0.0,Monsoon
2024-06-24,26.3,28.2,27.2,87.6,0.0,Monsoon
2024-06-25,24.0,30.2,27.1,91.9,71.3,Monsoon
2024-06-26,25.8,33.0,29.4,84.5,35.2,Monsoon
2024-06-27,27.5,29.3,28.4,94.7,76.9,Monsoon
2024-06-28,24.0,31.7,27.9,93.8,0.0,Monsoon
2024-06-29,26.2,33.7,29.9,87.5,138.0,Monsoon
2024-06-30,22.9,28.0,25.4,86.3,144.9,Monsoon
2024-07-01,23.3,31.8,27.6,81.6,114.4,Monsoon
2024-07-02,23.4,34.2,28.8,77.8,0.0,Monsoon
2024-07-03,23.4,30.4,26.9,76.9,19.8,Monsoon
2024-07-04,23.7,33.6,28.6,90.8,94.8,Monsoon
2024-07-05,22.6,32.5,27.6,82.0,66.3,Monsoon
2024-07-06,24.6,29.5,27.1,77.8,0.0,Monsoon
2024-07-07,22.1,28.8,25.5,76.3,0.0,Monsoon
2024-07-08,24.1,30.8,27.4,88.5,58.2,Monsoon
2024-07-09,22.6,31.4,27.0,84.7,0.0,Monsoon
2024-07-10,25.9,33.7,29.8,85.8,0.0,Monsoon
2024-07-11,25.9,31.0,28.4,78.4,83.1,Monsoon
2024-07-12,24.4,30.7,27.5,93.1,43.2,Monsoon
2024-07-13,25.9,28.1,27.0,71.1,132.4,Monsoon
2024-07-14,24.1,32.9,28.5,83.9,0.0,Monsoon
2024-07-15,22.5,28.6,25.5,92.4,0.0,Monsoon
2024-07-16,25.4,30.7,28.0,94.3,0.0,Monsoon
2024-07-17,23.0,28.2,25.6,91.6,0.0,Monsoon
2024-07-18,27.0,29.8,28.4,81.7,0.0,Monsoon
2024-07-19,23.6,30.5,27.1,84.9,4.1,Monsoon
2024-07-20,25.8,30.9,28.4,71.8,98.3,Monsoon
2024-07-21,26.0,28.2,27.1,84.9,0.0,Monsoon
2024-07-22,24.9,34.3,29.6,75.9,107.6,Monsoon
2024-07-23,23.6,29.6,26.6,77.4,109.7,Monsoon
2024-07-24,27.2,33.6,30.4,86.3,72.6,Monsoon
2024-07-25,23.8,29.7,26.8,93.3,96.0,Monsoon
2024-07-26,23.9,31.9,27.9,72.8,38.9,Monsoon
2024-07-27,26.7,29.9,28.3,71.6,125.9,Monsoon
2024-07-28,23.7,31.4,27.6,71.2,137.8,Monsoon
2024-07-29,22.8,30.7,26.7,84.9,0.0,Monsoon
2024-07-30,23.7,29.7,26.7,78.3,146.0,Monsoon
2024-07-31,26.9,30.8,28.8,87.1,65.7,Monsoon
2024-08-01,26.5,33.3,29.9,78.9,37.7,Monsoon
2024-08-02,22.3,32.0,27.1,94.6,58.3,Monsoon
2024-08-03,22.8,33.8,28.3,70.1,19.0,Monsoon
2024-08-04,26.2,29.8,28.0,75.4,54.4,Monsoon
2024-08-05,27.9,34.5,31.2,93.6,8.7,Monsoon
2024-08-06,27.9,30.6,29.2,83.8,115.8,Monsoon
2024-08-07,24.4,29.3,26.9,80.9,44.6,Monsoon
2024-08-08,24.2,30.9,27.6,80.7,14.2,Monsoon
2024-08-09,22.1,31.4,26.7,74.3,90.1,Monsoon
2024-08-10,25.7,32.3,29.0,94.9,1.5,Monsoon
2024-08-11,22.5,31.4,26.9,73.0,67.3,Monsoon
2024-08-12,23.0,34.2,28.6,81.3,61.3,Monsoon
2024-08-13,25.1,34.8,30.0,81.0,0.0,Monsoon
2024-08-14,22.7,30.9,26.8,94.3,0.0,Monsoon
2024-08-15,27.6,31.8,29.7,90.6,113.1,Monsoon
2024-08-16,23.1,32.3,27.7,83.6,123.2,Monsoon
2024-08-17,22.8,31.7,27.3,83.6,38.7,Monsoon
2024-08-18,23.7,29.7,26.7,86.7,0.0,Monsoon
2024-08-19,24.6,28.5,26.6,76.9,145.6,Monsoon
2024-08-20,23.4,34.9,29.1,72.6,82.2,Monsoon
2024-08-21,24.9,31.0,28.0,92.3,0.0,Monsoon
2024-08-22,23.3,31.6,27.5,74.2,45.2,Monsoon
2024-08-23,26.9,28.4,27.6,73.4,53.7,Monsoon
2024-08-24,27.7,31.4,29.6,76.0,0.0,Monsoon
2024-08-25,24.8,35.0,29.9,81.6,145.9,Monsoon
2024-08-26,24.7,33.3,29.0,72.5,127.8,Monsoon
2024-08-27,23.0,34.2,28.6,82.2,135.3,Monsoon
2024-08-28,26.1,32.2,29.2,82.3,0.0,Monsoon
2024-08-29,24.5,33.2,28.9,75.7,0.0,Monsoon
2024-08-30,26.3,32.3,29.3,84.2,2.0,Monsoon
2024-08-31,25.5,30.2,27.9,94.2,51.0,Monsoon
2024-09-01,24.5,33.2,28.8,90.1,0.0,Monsoon
2024-09-02,26.6,34.0,30.3,77.3,0.8,Monsoon
2024-09-03,26.9,28.2,27.5,92.7,0.0,Monsoon
2024-09-04,24.7,31.7,28.2,89.2,0.0,Monsoon
2024-09-05,22.3,34.9,28.6,86.0,0.0,Monsoon
2024-09-06,26.8,32.5,29.7,71.6,0.0,Monsoon
2024-09-07,24.6,31.2,27.9,84.4,87.6,Monsoon
2024-09-08,24.8,33.7,29.2,83.6,0.0,Monsoon
2024-09-09,24.6,31.1,27.9,83.1,69.9,Monsoon
2024-09-10,23.2,32.5,27.8,72.6,36.3,Monsoon
2024-09-11,25.3,29.6,27.4,79.2,93.2,Monsoon
2024-09-12,27.3,30.9,29.1,90.2,135.2,Monsoon
2024-09-13,22.2,31.3,26.8,89.0,115.3,Monsoon
2024-09-14,23.4,31.8,27.6,86.5,9.5,Monsoon
2024-09-15,24.6,28.6,26.6,83.1,0.0,Monsoon
2024-09-16,22.5,32.9,27.7,79.9,25.1,Monsoon
2024-09-17,24.1,34.8,29.5,85.1,120.9,Monsoon
2024-09-18,23.2,30.3,26.7,93.6,18.6,Monsoon
2024-09-19,27.9,32.9,30.4,78.8,0.0,Monsoon
2024-09-20,23.1,29.5,26.3,89.9,0.0,Monsoon
2024-09-21,27.7,31.3,29.5,74.4,63.6,Monsoon
2024-09-22,27.8,29.3,28.5,84.6,0.0,Monsoon
2024-09-23,22.7,28.3,25.5,72.4,54.6,Monsoon
2024-09-24,27.9,31.6,29.7,71.8,11.2,Monsoon
2024-09-25,23.6,34.2,28.9,94.8,0.0,Monsoon
2024-09-26,24.1,28.8,26.5,85.5,0.0,Monsoon
2024-09-27,24.4,33.7,29.0,78.0,114.3,Monsoon
2024-09-28,26.5,30.6,28.5,79.9,143.6,Monsoon
2024-09-29,23.2,32.3,27.7,94.2,32.0,Monsoon
2024-09-30,25.3,33.5,29.4,73.6,131.0,Monsoon
2024-10-01,20.2,28.9,24.6,66.1,0.0,Spring
2024-10-02,21.3,33.4,27.4,70.1,0.0,Spring
2024-10-03,21.4,35.0,28.2,65.7,0.0,Spring
2024-10-04,21.1,28.7,24.9,62.7,0.0,Spring
2024-10-05,24.6,29.8,27.2,61.3,0.0,Spring
2024-10-06,18.3,35.0,26.7,70.0,3.0,Spring
2024-10-07,24.3,29.2,26.7,65.0,14.2,Spring
2024-10-08,21.6,28.9,25.2,62.5,0.0,Spring
2024-10-09,18.7,32.5,25.6,60.3,0.0,Spring
2024-10-10,24.9,31.9,28.4,74.2,0.0,Spring
2024-10-11,20.8,30.5,25.6,68.2,0.0,Spring
2024-10-12,18.0,28.9,23.4,66.9,0.0,Spring
2024-10-13,20.1,33.8,27.0,72.6,0.0,Spring
2024-10-14,24.5,32.4,28.4,70.8,0.0,Spring
2024-10-15,22.0,34.4,28.2,69.7,0.0,Spring
2024-10-16,19.7,28.7,24.2,55.4,0.0,Spring
2024-10-17,23.7,30.5,27.1,61.4,0.0,Spring
2024-10-18,24.2,31.6,27.9,70.0,0.0,Spring
2024-10-19,18.9,34.4,26.6,62.9,0.0,Spring
2024-10-20,20.2,31.2,25.7,57.1,0.0,Spring
2024-10-21,20.8,33.9,27.4,59.1,0.0,Spring
2024-10-22,19.2,28.5,23.8,65.4,0.0,Spring
2024-10-23,24.4,33.6,29.0,60.7,1.3,Spring
2024-10-24,23.2,32.1,27.7,70.5,0.0,Spring
2024-10-25,21.4,28.9,25.1,55.4,0.0,Spring
2024-10-26,23.8,31.0,27.4,71.7,2.1,Spring
2024-10-27,24.3,32.0,28.2,55.3,0.0,Spring
2024-10-28,22.9,29.2,26.1,63.0,0.0,Spring
2024-10-29,23.6,34.8,29.2,60.3,0.0,Spring
2024-10-30,23.0,32.8,27.9,58.8,8.2,Spring
2024-10-31,22.7,33.0,27.8,61.8,0.0,Spring
2024-11-01,24.2,30.1,27.1,72.2,6.9,Spring
2024-11-02,18.8,33.7,26.3,56.5,0.0,Spring
2024-11-03,19.2,32.3,25.7,67.2,19.8,Spring
2024-11-04,20.5,31.2,25.9,57.4,0.4,Spring
2024-11-05,23.4,32.2,27.8,74.9,0.0,Spring
2024-11-06,22.8,34.0,28.4,72.3,0.0,Spring
2024-11-07,19.4,34.4,26.9,57.7,0.0,Spring
2024-11-08,19.8,28.1,23.9,61.1,0.0,Spring
2024-11-09,24.0,32.7,28.4,57.5,0.0,Spring
2024-11-10,21.8,28.8,25.3,69.1,0.0,Spring
2024-11-11,21.9,28.4,25.2,62.8,0.0,Spring
2024-11-12,24.7,32.0,28.3,57.6,0.0,Spring
2024-11-13,22.3,32.6,27.4,55.7,0.0,Spring
2024-11-14,18.7,34.8,26.7,71.2,0.0,Spring
2024-11-15,18.6,34.5,26.5,61.9,0.0,Spring
2024-11-16,22.6,33.1,27.8,69.0,0.0,Spring
2024-11-17,23.6,33.2,28.4,56.5,14.3,Spring
2024-11-18,23.5,34.1,28.8,56.6,0.0,Spring
2024-11-19,24.2,31.8,28.0,67.9,0.0,Spring
2024-11-20,18.8,31.4,25.1,62.5,0.0,Spring
2024-11-21,24.5,34.9,29.7,57.8,0.0,Spring
2024-11-22,20.6,34.8,27.7,68.1,0.0,Spring
2024-11-23,24.2,34.9,29.6,68.3,0.0,Spring
2024-11-24,18.4,33.2,25.8,62.4,0.0,Spring
2024-11-25,18.9,29.3,24.1,69.9,0.0,Spring
2024-11-26,21.6,30.4,26.0,63.2,0.0,Spring
2024-11-27,20.1,29.2,24.7,57.3,0.0,Spring
2024-11-28,24.9,34.9,29.9,68.5,0.0,Spring
2024-11-29,23.9,31.4,27.6,58.3,1.1,Spring
2024-11-30,22.5,32.7,27.6,71.3,0.0,Spring
2024-12-01,15.1,25.6,20.3,64.0,0.0,Winter
2024-12-02,13.2,23.2,18.2,56.2,0.0,Winter
2024-12-03,17.5,24.3,20.9,60.5,0.0,Winter
2024-12-04,17.4,23.7,20.6,52.9,0.0,Winter
2024-12-05,14.6,22.9,18.7,50.5,0.3,Winter
2024-12-06,12.0,28.4,20.2,55.1,0.0,Winter
2024-12-07,17.5,26.6,22.0,59.6,0.0,Winter
2024-12-08,14.6,25.6,20.1,62.5,0.0,Winter
2024-12-09,15.3,24.2,19.8,51.5,0.0,Winter
2024-12-10,13.2,23.1,18.2,60.7,0.0,Winter
2024-12-11,11.2,25.3,18.2,69.3,0.0,Winter
2024-12-12,16.2,24.2,20.2,67.0,0.0,Winter
2024-12-13,12.3,29.4,20.9,63.4,0.0,Winter
2024-12-14,14.1,24.7,19.4,56.5,0.0,Winter
2024-12-15,14.5,25.6,20.0,55.0,0.0,Winter
2024-12-16,17.9,26.1,22.0,54.4,0.0,Winter
2024-12-17,11.7,22.8,17.2,54.7,0.0,Winter
2024-12-18,10.9,25.4,18.2,59.8,0.0,Winter
2024-12-19,17.8,22.1,20.0,50.8,0.0,Winter
2024-12-20,13.5,24.6,19.0,60.4,0.0,Winter
2024-12-21,10.1,25.4,17.8,68.5,4.9,Winter
2024-12-22,12.2,27.3,19.8,55.7,0.0,Winter
2024-12-23,14.6,25.5,20.1,67.5,0.0,Winter
2024-12-24,12.4,22.5,17.5,54.7,0.0,Winter
2024-12-25,17.6,22.8,20.2,67.9,0.0,Winter
2024-12-26,11.4,29.5,20.5,61.3,0.0,Winter
2024-12-27,17.1,27.4,22.3,54.2,0.0,Winter
2024-12-28,12.1,23.1,17.6,60.3,0.0,Winter
2024-12-29,15.1,22.5,18.8,51.2,0.0,Winter
2024-12-30,12.4,24.1,18.2,62.1,0.0,Winter
2024-12-31,15.7,28.1,21.9,62.8,0.0,Winter
